{
  "name": "poetry3-poetry-pyenv",
  "build": {
    "dockerfile": "Dockerfile"
  },

  // 👇 Features to add to the Dev Container. More info: https://containers.dev/implementors/features.
  "features": {
    "ghcr.io/meaningful-ooo/devcontainer-features/fish:1": {},
    "ghcr.io/devcontainers/features/github-cli:1": {},
    "ghcr.io/raucha/devcontainer-features/pytorch:latest": {}
  },
  "containerEnv": {
    "DISPLAY": "${localEnv:DISPLAY}"
  },
  "runArgs": [
    "--gpus",
    "all",
    "--shm-size",
    "2gb",
    "--device",
    "/dev/video0",
    "--volume",
    "/tmp/.X11-unix:/tmp/.X11-unix"
  ],
  // may be required to add "--privileged"?
  // 👇 Use 'forwardPorts' to make a list of ports inside the container available locally.
  // "forwardPorts": [],

  // 👇 Use 'postCreateCommand' to run commands after the container is created.
  "postCreateCommand": "poetry install && poetry shell",

  // 👇 Configure tool-specific properties.
  "customizations": {
    "vscode": {
      "extensions": [
        "ms-python.python",
        "njpwerner.autodocstring",
        "ms-toolsai.jupyter"
      ]
    }
  }

  // 👇 Uncomment to connect as root instead. More info: https://aka.ms/dev-containers-non-root.
  // "remoteUser": "root"
}

/*

# check jetson-nano's cuda version
🧮 cat /usr/local/cuda/version.txt
>> CUDA Version 10.2.300

# check jetson-nano's cuda version
🧮 dpkg -l | grep libcudnn
>> 8.2.1.32-1+cuda10.2

# check jetson-nano's L4T (Linux for Tegra) version ; https://developer.nvidia.com/embedded/linux-tegra-r3275
🧮 head -n 1 /etc/nv_tegra_release
>> R32 (release), REVISION: 7.5,
Jetson Linux 32.7.5 is included as part of JetPack 4.6.5

*/
